Date,M3,M6,YR1,YR2,YR3,YR4,YR5,YR6,YR7,YR8,YR9,YR10,YR15,YR20,YR30
31/12/1994,6.801,7.384,8.172,8.734,8.988,9.097,9.188,9.265,9.346,9.356,9.368,9.382,9.357,9.345,9.332
31/01/1995,6.917,7.254,7.976,8.447,8.782,8.902,9.017,9.092,9.172,9.167,9.163,9.162,9.141,9.13,9.119
28/02/1995,6.864,7.305,7.972,8.556,8.867,8.975,9.09,9.165,9.246,9.25,9.257,9.265,9.241,9.229,9.217
31/03/1995,6.864,7.246,7.816,8.365,8.71,8.818,8.933,9.021,9.115,9.133,9.154,9.178,9.148,9.133,9.118
30/04/1995,7.123,7.378,7.905,8.318,8.584,8.718,8.796,8.886,8.98,8.999,9.021,9.045,9.018,9.004,8.99
31/05/1995,6.799,6.99,7.385,7.622,7.899,8.081,8.207,8.307,8.413,8.426,8.442,8.459,8.433,8.419,8.406
30/06/1995,7.123,7.312,7.709,8.031,8.355,8.571,8.685,8.792,8.905,8.946,8.99,9.039,8.999,8.98,8.96
31/07/1995,7.058,7.121,7.318,7.59,7.936,8.163,8.325,8.45,8.581,8.654,8.731,8.813,8.762,8.737,8.711
31/08/1995,6.969,7.041,7.107,7.339,7.683,7.934,8.169,8.298,8.434,8.515,8.601,8.692,8.636,8.608,8.58
30/09/1995,6.945,6.992,6.993,7.159,7.605,7.937,8.145,8.299,8.461,8.545,8.634,8.729,8.668,8.638,8.607
31/10/1995,6.929,6.929,6.953,7.107,7.463,7.678,7.888,8.063,8.245,8.343,8.447,8.557,8.495,8.463,8.431
30/11/1995,6.694,6.543,6.525,6.555,6.886,7.17,7.39,7.594,7.806,7.93,8.06,8.197,8.126,8.09,8.055
31/12/1995,6.67,6.543,6.476,6.492,6.812,7.05,7.258,7.449,7.648,7.772,7.902,8.039,7.973,7.939,7.905
31/01/1996,6.412,6.34,6.242,6.467,6.82,7.09,7.273,7.495,7.727,7.864,8.007,8.159,8.084,8.045,8.007
29/02/1996,6.283,6.26,6.349,6.852,7.304,7.607,7.826,8.062,8.309,8.441,8.581,8.73,8.644,8.601,8.558
31/03/1996,6.219,6.282,6.544,7.158,7.622,7.914,8.121,8.306,8.501,8.617,8.739,8.87,8.793,8.754,8.716
30/04/1996,6.162,6.217,6.48,7.031,7.439,7.696,7.904,8.089,8.283,8.403,8.531,8.665,8.591,8.553,8.516
31/05/1996,6.219,6.282,6.544,7.147,7.589,7.893,8.075,8.248,8.429,8.55,8.678,8.814,8.738,8.7,8.663
30/06/1996,5.961,5.961,6.222,6.793,7.267,7.569,7.775,7.952,8.138,8.258,8.384,8.518,8.444,8.406,8.369
31/07/1996,5.905,5.96,6.181,6.773,7.235,7.561,7.803,7.979,8.165,8.288,8.419,8.558,8.481,8.442,8.404
31/08/1996,5.897,5.898,6.1,6.668,7.119,7.456,7.71,7.905,8.11,8.256,8.411,8.575,8.489,8.445,8.402
30/09/1996,6.042,6.106,6.35,6.778,7.107,7.365,7.585,7.763,7.949,8.055,8.166,8.284,8.219,8.186,8.153
31/10/1996,6.38,6.518,6.803,7.116,7.369,7.559,7.697,7.815,7.938,8.016,8.097,8.183,8.137,8.114,8.091
30/11/1996,6.534,6.718,7.087,7.213,7.345,7.422,7.503,7.587,7.673,7.745,7.819,7.896,7.863,7.846,7.83
31/12/1996,6.548,6.751,7.051,7.156,7.265,7.377,7.493,7.612,7.736,7.865,7.998,8.138,8.083,8.056,8.028
31/01/1997,6.33,6.47,6.817,6.937,7.061,7.189,7.32,7.456,7.597,7.744,7.896,8.055,7.993,7.962,7.931
28/02/1997,6.25,6.41,6.691,6.797,6.906,7.019,7.135,7.254,7.378,7.506,7.639,7.777,7.725,7.699,7.672
31/03/1997,6.402,6.637,7.005,7.133,7.266,7.403,7.544,7.69,7.842,7.999,8.164,8.336,8.267,8.232,8.198
30/04/1997,6.562,6.745,7.067,7.161,7.258,7.358,7.461,7.568,7.678,7.792,7.911,8.035,7.987,7.963,7.938
31/05/1997,6.625,6.81,7.066,7.136,7.209,7.284,7.361,7.44,7.522,7.607,7.696,7.787,7.752,7.735,7.717
30/06/1997,6.902,7.058,7.316,7.346,7.376,7.408,7.441,7.475,7.51,7.546,7.584,7.623,7.608,7.601,7.593
31/07/1997,7.125,7.308,7.503,7.519,7.495,7.484,7.472,7.472,7.473,7.46,7.46,7.46,7.367,7.376,7.385
31/08/1997,7.312,7.46,7.627,7.61,7.554,7.543,7.556,7.569,7.569,7.569,7.583,7.597,7.531,7.535,7.539
30/09/1997,7.309,7.437,7.576,7.407,7.142,6.975,6.899,6.88,6.885,6.889,6.906,6.922,6.988,6.986,6.983
31/10/1997,7.375,7.438,7.564,7.418,7.242,7.153,7.11,7.064,7.017,7.008,7.011,7.014,7.053,7.055,7.057
30/11/1997,7.75,7.867,7.927,7.705,7.473,7.34,7.226,7.122,7.053,7.021,7.014,6.977,6.983,6.994,7.006
31/12/1997,7.688,7.688,7.688,7.391,7.15,7.075,6.997,6.904,6.872,6.825,6.804,6.795,6.781,6.791,6.802
31/01/1998,7.562,7.535,7.46,7.152,6.934,6.814,6.761,6.705,6.659,6.599,6.564,6.556,6.528,6.539,6.551
28/02/1998,7.563,7.563,7.563,7.332,7.112,6.991,6.89,6.81,6.753,6.681,6.634,6.599,6.577,6.592,6.607
31/03/1998,7.613,7.613,7.613,7.319,7.078,6.923,6.765,6.627,6.536,6.48,6.448,6.387,6.357,6.375,6.393
30/04/1998,7.496,7.473,7.437,7.057,6.796,6.643,6.532,6.443,6.388,6.381,6.36,6.297,6.244,6.26,6.275
31/05/1998,7.5,7.5,7.5,7.12,6.847,6.66,6.515,6.403,6.3,6.257,6.225,6.192,6.144,6.161,6.179
30/06/1998,7.867,7.936,8.001,7.713,7.437,7.19,6.986,6.778,6.652,6.548,6.428,6.4,6.196,6.234,6.272
31/07/1998,7.762,7.812,7.812,7.504,7.235,7.075,6.881,6.684,6.533,6.378,6.299,6.257,6.111,6.144,6.178
31/08/1998,7.625,7.572,7.371,7.015,6.853,6.744,6.643,6.528,6.422,6.353,6.268,6.195,6.124,6.146,6.169
30/09/1998,7.371,7.226,6.932,6.511,6.379,6.305,6.274,6.17,6.101,6.017,5.971,5.949,5.898,5.912,5.927
31/10/1998,7.175,6.907,6.555,6.13,6.108,6.1,6.102,6.092,6.068,6.069,6.044,6.046,5.993,5.999,6.005
30/11/1998,6.878,6.664,6.374,6.078,5.978,5.942,5.818,5.68,5.661,5.579,5.571,5.589,5.504,5.517,5.53
31/12/1998,6.253,5.949,5.624,5.519,5.521,5.51,5.477,5.478,5.418,5.407,5.383,5.372,5.351,5.356,5.36
31/01/1999,5.813,5.628,5.501,5.281,5.191,5.144,5.095,5.092,5.093,5.07,5.097,5.084,5.128,5.088,5.177
28/02/1999,5.459,5.363,5.35,5.365,5.387,5.37,5.336,5.336,5.325,5.153,5.144,5.356,5.406,5.384,5.399
31/03/1999,5.324,5.25,5.25,5.236,5.334,5.366,5.376,5.364,5.381,5.387,5.386,5.386,5.426,5.438,5.453
30/04/1999,5.331,5.324,5.371,5.508,5.588,5.581,5.511,5.476,5.429,5.418,5.407,5.421,5.439,5.44,5.46
31/05/1999,5.373,5.356,5.449,5.755,5.971,5.983,5.968,5.918,5.869,5.844,5.806,5.781,5.802,5.788,5.772
30/06/1999,5.188,5.256,5.502,6.026,6.356,6.422,6.427,6.398,6.283,6.142,6.034,5.938,5.806,5.713,5.59
31/07/1999,5.27,5.547,5.814,6.352,6.656,6.688,6.622,6.571,6.494,6.405,6.341,6.249,5.897,5.737,5.372
31/08/1999,5.218,5.613,5.915,6.582,6.838,6.8,6.683,6.633,6.545,6.483,6.38,6.33,5.893,5.535,5.277
30/09/1999,5.56,6.013,6.359,6.838,7.138,7.146,7.093,7.028,6.944,6.893,6.78,6.694,6.444,6.076,5.612
31/10/1999,6,6.146,6.513,6.913,7.133,7.169,7.068,6.968,6.855,6.749,6.636,6.514,6.129,5.758,5.297
30/11/1999,5.999,6.138,6.548,6.968,7.177,7.149,7.018,6.895,6.746,6.61,6.443,6.31,5.919,5.524,5.064
31/12/1999,6.079,6.292,6.713,7.132,7.139,7.038,7.088,7.001,6.893,6.792,6.689,6.592,6.101,6.086,5.247
31/01/2000,6.229,6.424,6.848,7.19,7.283,7.317,7.258,7.177,7.073,6.993,6.909,6.809,6.46,6.047,5.585
29/02/2000,6.254,6.434,6.775,6.94,7.022,6.962,6.868,6.783,6.691,6.593,6.513,6.42,6.114,5.743,5.326
31/03/2000,6.252,6.467,6.813,7.047,7.087,7.032,6.936,6.828,6.73,6.618,6.518,6.429,6.059,5.752,5.415
30/04/2000,6.365,6.479,6.706,6.835,6.902,6.866,6.806,6.744,6.684,6.621,6.56,6.489,6.255,5.948,5.572
31/05/2000,6.279,6.429,6.698,6.876,6.918,6.864,6.817,6.754,6.695,6.631,6.57,6.527,6.34,6.075,5.643
30/06/2000,6.225,6.336,6.544,6.647,6.706,6.693,6.674,6.649,6.612,6.574,6.549,6.523,6.34,6.103,5.786
31/07/2000,6.226,6.342,6.534,6.648,6.701,6.716,6.715,6.689,6.664,6.638,6.599,6.572,6.352,6.083,5.678
31/08/2000,6.247,6.365,6.559,6.657,6.7,6.704,6.715,6.701,6.688,6.662,6.636,6.609,6.415,6.141,5.73
30/09/2000,6.178,6.268,6.381,6.417,6.449,6.465,6.465,6.44,6.427,6.415,6.402,6.389,6.238,5.997,5.679
31/10/2000,6.146,6.212,6.306,6.377,6.398,6.38,6.356,6.332,6.308,6.283,6.258,6.232,6.031,5.768,5.451
30/11/2000,6.035,6.039,6.04,6.001,6.024,6.029,6.029,5.993,5.956,5.92,5.882,5.844,5.615,5.351,5.055
31/12/2000,5.899,5.865,5.809,5.764,5.852,5.89,5.912,5.923,5.91,5.884,5.857,5.831,5.624,5.369,5.083
31/01/2001,5.791,5.674,5.582,5.644,5.742,5.802,5.811,5.81,5.796,5.783,5.757,5.744,5.591,5.395,5.167
28/02/2001,5.647,5.556,5.493,5.541,5.627,5.665,5.71,5.732,5.769,5.767,5.765,5.764,5.663,5.592,5.227
31/03/2001,5.526,5.369,5.279,5.298,5.353,5.408,5.452,5.486,5.521,5.544,5.567,5.592,5.597,5.526,5.295
30/04/2001,5.34,5.246,5.214,5.396,5.562,5.67,5.741,5.797,5.842,5.881,5.913,5.933,5.919,5.819,5.596
31/05/2001,5.254,5.251,5.365,5.615,5.743,5.796,5.84,5.879,5.907,5.936,5.979,5.989,5.978,5.855,5.68
30/06/2001,5.294,5.431,5.704,6.018,6.098,6.095,6.11,6.097,6.09,6.086,6.072,6.059,6.013,5.882,5.576
31/07/2001,5.246,5.256,5.392,5.618,5.735,5.773,5.782,5.781,5.773,5.766,5.759,5.745,5.653,5.506,5.262
31/08/2001,4.903588147,4.881231995,4.908997099,5.22283288,5.37412746,5.444499519,5.46817678,5.482056597,5.491045777,5.489072206,5.481335146,5.480122672,5.382566065,5.220469042,4.947100482
30/09/2001,4.500958375,4.429280507,4.411762639,4.840276567,5.088524626,5.226167754,5.313282892,5.375274558,5.421867774,5.452980235,5.479182045,5.493942765,5.463853155,5.33468587,5.082928887
31/10/2001,4.199612677,4.135665975,4.11299471,4.496996563,4.774303979,4.9338097,5.015094435,5.06562645,5.100852423,5.125816508,5.134178332,5.137031305,5.098845225,4.976134309,4.735381699
30/11/2001,4.003647113,3.992250137,4.116674248,4.673748735,4.961982939,5.098362982,5.15735083,5.179866343,5.181067688,5.177626895,5.16885119,5.160543409,5.088116476,4.919645083,4.606136357
31/12/2001,4.085316652,4.094937892,4.412453512,5.103160015,5.413886267,5.521645943,5.536703042,5.531398344,5.521619399,5.506843938,5.492576005,5.47863501,5.328280865,5.126545336,4.771494367
31/01/2002,4.039488714,4.140658301,4.478214277,5.03125902,5.243349338,5.305954759,5.306301747,5.297097615,5.283123244,5.269643575,5.256430337,5.249557075,5.128477776,4.958313216,4.619724246
28/02/2002,4.038362997,4.141171849,4.410061397,4.936928535,5.149309648,5.25460676,5.292732046,5.310627332,5.318302076,5.321326219,5.325006709,5.322941267,5.255452315,5.084018692,4.762204554
31/03/2002,4.159689299,4.34452338,4.735315979,5.292933728,5.487626154,5.560802698,5.582725921,5.578410374,5.569628686,5.561486612,5.559885331,5.558610997,5.493571719,5.342601075,5.018468976
30/04/2002,4.129269619,4.262672987,4.597515814,5.089601809,5.355735092,5.419477321,5.496233788,5.502353671,5.504186108,5.501097824,5.480387585,5.478649066,5.471702971,5.339366847,5.03818036
31/05/2002,4.163814286,4.366981293,4.729852505,5.191405065,5.371569208,5.456222128,5.494991538,5.507476932,5.515840796,5.52509236,5.535012694,5.539180468,5.531427377,5.435020119,5.192450591
30/06/2002,4.117974381,4.277437739,4.564785958,5.02449803,5.210015869,5.289425833,5.31741769,5.330206502,5.338804274,5.342301432,5.346322566,5.350781124,5.318078078,5.188121723,4.900946521
31/07/2002,3.981792963,4.032782867,4.203079962,4.52277091,4.798130639,4.968378516,5.065972736,5.127246441,5.168066428,5.204411258,5.230526855,5.2451439,5.262408666,5.17730504,4.944168093
31/08/2002,3.988589981,3.986389281,4.034189743,4.377459608,4.615666501,4.748300362,4.824771571,4.875309252,4.911352183,4.942816312,4.969310591,4.990534709,4.989749654,4.894090436,4.648816185
30/09/2002,3.921326059,3.898633963,3.875031407,4.04841712,4.251728522,4.400176662,4.504698129,4.589022658,4.658448686,4.718071864,4.773376817,4.823773819,4.91254239,4.837881556,4.640745193
31/10/2002,3.930534539,3.905461963,3.901636535,4.13284539,4.351912302,4.511456628,4.625882871,4.715114548,4.783850712,4.849404163,4.904794769,4.949077023,5.031200569,4.970407514,4.733870401
30/11/2002,4.011358295,4.045713611,4.181688646,4.464339336,4.63095596,4.727547941,4.799636922,4.851011732,4.89334529,4.931076022,4.963808947,4.997460592,5.073786014,5.031910416,4.820892514
31/12/2002,4.001792662,3.950606736,3.916061519,4.087551656,4.269342467,4.403422821,4.497705049,4.576512664,4.640579548,4.69468457,4.73803733,4.770877591,4.869384041,4.884886819,4.728465354
31/01/2003,3.94207769,3.88764352,3.827956726,3.908393285,4.055958272,4.185001812,4.289530681,4.378832754,4.454391486,4.514263745,4.569465728,4.613782815,4.709655444,4.687659411,4.553814037
28/02/2003,3.664216331,3.565251181,3.472184091,3.509473123,3.713133026,3.904329977,4.050675537,4.171381372,4.279443655,4.372629965,4.455925245,4.522877613,4.715658633,4.757879674,4.663243253
31/03/2003,3.640228474,3.563369339,3.506505705,3.649776435,3.878535592,4.047455386,4.172951164,4.284037287,4.380762399,4.468248782,4.545334673,4.607194483,4.782161549,4.834001028,4.747305722
30/04/2003,3.605398433,3.530522708,3.498230672,3.674263719,3.903256886,4.084190419,4.22455918,4.335461705,4.432016836,4.513088668,4.585210794,4.640691823,4.829844337,4.880925112,4.810652642
31/05/2003,3.611691875,3.520690648,3.44625984,3.575644665,3.72273903,3.851274676,3.955024149,4.049601837,4.135835693,4.218129634,4.290017595,4.351783695,4.560387383,4.640708874,4.604968542
30/06/2003,3.6251944,3.535188724,3.49684981,3.614841434,3.767075233,3.884506529,3.994403436,4.095091321,4.1866212,4.274386215,4.351643084,4.419674322,4.647336127,4.764081327,4.801034741
31/07/2003,3.426351416,3.425877602,3.49765669,3.926961576,4.165650028,4.302902074,4.405502918,4.483614009,4.557718399,4.628786958,4.689599126,4.739816894,4.913337962,4.989971422,5.00772674
31/08/2003,3.615025581,3.666531089,3.899956136,4.316881763,4.508019056,4.593054778,4.653540735,4.693867993,4.724739023,4.750850588,4.777684716,4.799386831,4.86504857,4.870265882,4.84113539
30/09/2003,3.708001448,3.790602923,3.95350056,4.19350409,4.364396723,4.477531406,4.549573933,4.606874465,4.654422702,4.691696418,4.723895653,4.751340591,4.821697953,4.840325773,4.788802614
31/10/2003,3.918978014,4.078539484,4.387452599,4.817957955,5.014011261,5.104094334,5.142763104,5.161070477,5.163772028,5.161275432,5.159258223,5.157661384,5.106600937,5.039927321,4.84474259
30/11/2003,3.956186336,4.15945122,4.481531839,4.850243645,5.031330189,5.121911685,5.171757591,5.201251699,5.215321696,5.224335082,5.227905297,5.225823702,5.179063048,5.088467398,4.861203267
31/12/2003,4.01758836,4.127751425,4.336857549,4.614803491,4.771811694,4.853669795,4.898804671,4.929090146,4.949143324,4.964079303,4.973932458,4.978089552,4.957272493,4.903250485,4.732970695
31/01/2004,4.124046409,4.24915441,4.475516005,4.743548443,4.899899257,4.98082125,5.020588965,5.050722295,5.071012372,5.086239729,5.102008987,5.112299768,5.08440655,4.999975897,4.772227149
29/02/2004,4.18390664,4.278921996,4.444440813,4.632963126,4.766924959,4.848537488,4.891487846,4.921911681,4.945233518,4.9664216,4.98217667,4.992438469,4.999996227,4.973238786,4.800350362
31/03/2004,4.351620635,4.476074575,4.645410437,4.78850409,4.873313053,4.929618201,4.962741948,4.98578351,5.003914019,5.016645316,5.030137568,5.041010157,5.024825432,4.974383822,4.785991158
30/04/2004,4.409784675,4.548283169,4.767040754,4.966142375,5.077214497,5.148081244,5.186029195,5.211358538,5.223218672,5.230097879,5.234397072,5.239093601,5.193215301,5.125692796,4.921249683
31/05/2004,4.62796385,4.810491765,5.088321031,5.325057081,5.41422973,5.453002892,5.469807815,5.476266144,5.474628186,5.467436602,5.460463907,5.450483046,5.352609571,5.241108202,4.984995779
30/06/2004,4.809577601,4.97168694,5.146515462,5.240709986,5.310739799,5.356990294,5.379737924,5.389319748,5.390820953,5.389644439,5.385777548,5.46675163,5.362264778,5.246817232,4.974107807
31/07/2004,4.900628261,5.045142528,5.235365778,5.333155132,5.401450202,5.431299347,5.440651912,5.439402669,5.429846977,5.417482353,5.402074438,5.38343863,5.272906505,5.15348947,4.887105762
31/08/2004,4.932286772,5.014310216,5.0954487,5.10773958,5.156308239,5.192206684,5.221206532,5.239571541,5.244122854,5.243081142,5.239233572,5.235540287,5.158069598,5.050317758,4.797756201
30/09/2004,4.888964596,4.935748507,4.977777156,4.992747697,5.0234428,5.049322841,5.067595132,5.08628447,5.099688891,5.110401028,5.115573995,5.117813504,5.055261821,4.957684539,4.721794576
31/10/2004,4.864663278,4.892411252,4.898581989,4.879276458,4.910364025,4.93895378,4.960023329,4.978722477,4.99200095,5.00289169,5.008019814,5.010273978,4.958274975,4.871717157,4.661124574
30/11/2004,4.830233432,4.828796328,4.780758636,4.751762855,4.765032154,4.783325722,4.802074175,4.820995838,4.837396216,4.848237436,4.853368974,4.858783511,4.823073792,4.751033529,4.549792796
31/12/2004,4.855989221,4.856251623,4.813230502,4.773434525,4.781626773,4.789640515,4.797733044,4.803144888,4.80293369,4.802821454,4.802718161,4.79959119,4.763589491,4.697004033,4.523016167
31/01/2005,4.838845731,4.8399206,4.849250082,4.82044686,4.818200583,4.818275476,4.829174134,4.840215208,4.851322719,4.856744053,4.859346957,4.85591652,4.812577408,4.749261357,4.585631209
28/02/2005,4.926071667,4.994976939,5.048520297,5.061262231,5.03784209,5.014344785,5.003900128,4.996059654,4.993689819,4.982455242,4.973984726,4.962324718,4.877520093,4.778696957,4.5531955
31/03/2005,4.952475779,4.975321557,4.995025291,4.979436488,4.971925339,4.964210124,4.959029711,4.956492297,4.953820574,4.948240379,4.939547493,4.930710531,4.88423481,4.814900172,4.652536899
30/04/2005,4.908604071,4.902629892,4.86812245,4.819498956,4.812366026,4.80753529,4.807858897,4.808084439,4.808199712,4.805454421,4.802620515,4.796692309,4.758687005,4.696352334,4.551087787
31/05/2005,4.837401859,4.798916267,4.685973065,4.537319664,4.518752975,4.532870755,4.552259152,4.571590738,4.582587109,4.590896907,4.596332668,4.595961102,4.597569328,4.568086759,4.482394594
30/06/2005,4.722588834,4.619102537,4.436371522,4.308553762,4.312204268,4.328711554,4.353080581,4.377595829,4.399332023,4.415991485,4.42702489,4.432215942,4.428938179,4.399208579,4.313930175
31/07/2005,4.594617533,4.495565779,4.386551314,4.395940747,4.439536535,4.467983769,4.496862192,4.52624076,4.550346683,4.569456819,4.582992098,4.587803164,4.586156771,4.544497851,4.429485792
31/08/2005,4.563144577,4.497909216,4.399899052,4.345103404,4.348330699,4.351363337,4.364904456,4.383998439,4.400430172,4.411333173,4.416715925,4.419198091,4.413739079,4.391845278,4.314755437
30/09/2005,4.573671807,4.517736324,4.43785953,4.429816426,4.450495974,4.466131066,4.487306441,4.511533487,4.530368213,4.544023219,4.551997849,4.554159989,4.525050763,4.468336582,4.322005702
31/10/2005,4.580248458,4.558935081,4.541542853,4.585957905,4.61614675,4.628595606,4.636233855,4.6413223,4.643691304,4.643335704,4.637148369,4.627945606,4.5676187,4.485863523,4.314489837
30/11/2005,4.591155183,4.570624927,4.554681496,4.613335787,4.62536272,4.619781348,4.608840336,4.597861018,4.583998905,4.570007877,4.552843618,4.532425308,4.432196281,4.341710715,4.18388269
31/12/2005,4.611936873,4.536166566,4.467567393,4.469288892,4.489875248,4.487143742,4.481717286,4.468052338,4.451510112,4.434710854,4.414815863,4.394662509,4.308051217,4.214354282,4.057911013
31/01/2006,4.572005771,4.563617972,4.573196884,4.633079798,4.642411958,4.618579466,4.594417375,4.567339164,4.540004957,4.509401244,4.478529886,4.447011246,4.288701186,4.136448712,3.893836004
28/02/2006,4.552871416,4.547147784,4.564837678,4.625833508,4.650412325,4.631726845,4.60739246,4.582916984,4.555441365,4.527578486,4.499478889,4.467809815,4.312316804,4.159306252,3.92067239
31/03/2006,4.58561012,4.606653774,4.667521177,4.766364563,4.798686578,4.792476369,4.775772144,4.761876724,4.74225646,4.716631391,4.690749203,4.661605221,4.518981721,4.372244579,4.143893742
30/04/2006,4.638155961,4.663874463,4.749513919,4.902686162,4.975517374,5.000070327,5.009356925,5.008060398,4.998716359,4.983605291,4.965486198,4.94423687,4.804972284,4.645762838,4.361767359
31/05/2006,4.682358737,4.727078587,4.821266412,4.967496719,5.015480591,5.019434345,5.007581382,4.993182329,4.973142141,4.94725339,4.920949044,4.891355248,4.737191966,4.574565013,4.299808351
30/06/2006,4.722625872,4.757582485,4.882604631,5.029693491,5.089656529,5.103778389,5.094342897,5.079698163,5.059446467,5.036137173,5.009666344,4.979906525,4.827644342,4.663498861,4.377837244
31/07/2006,4.747347795,4.808882051,4.91413406,5.000637593,5.030387714,5.029346349,5.015309616,4.998478618,4.975886711,4.953057685,4.926974454,4.897629228,4.747166831,4.587624687,4.307701474
31/08/2006,4.951966022,5.031180154,5.109702513,5.117071093,5.091309036,5.052003965,5.014876423,4.980020273,4.941859248,4.902805925,4.866068267,4.828897893,4.671226244,4.515711971,4.241639189
30/09/2006,5.042522116,5.114966661,5.139232741,5.11824294,5.077399194,5.041136772,5.006945549,4.972348717,4.936849303,4.897826723,4.858237336,4.81810342,4.635775562,4.465114984,4.17746646
31/10/2006,5.157356727,5.227354233,5.29541494,5.264321319,5.213347416,5.156066723,5.097812291,5.038875112,4.98165918,4.926386788,4.873414231,4.819126447,4.594782907,4.389013687,4.061601745
30/11/2006,5.217024199,5.261070734,5.291260759,5.249079273,5.200689027,5.143566051,5.082795462,5.021189975,4.961560607,4.903390806,4.844277583,4.79054502,4.571200371,4.379214767,4.094977692
31/12/2006,5.286277214,5.358064894,5.430396765,5.433532235,5.410240654,5.360271618,5.301495543,5.242286041,5.181616293,5.119978946,5.060498984,5.0032521,4.768749402,4.561258284,4.220755375
31/01/2007,5.554465518,5.633477427,5.707130449,5.713052537,5.669375211,5.614156656,5.550000598,5.479416078,5.410404107,5.340615683,5.275105513,5.211731253,4.945734521,4.714628255,4.363800689
28/02/2007,5.494798237,5.552112965,5.583084412,5.566156075,5.509930015,5.447204588,5.383545469,5.318954287,5.253107649,5.189381059,5.127048808,5.066866184,4.824324365,4.606941199,4.283329754
31/03/2007,5.571567971,5.641352267,5.694725618,5.678197789,5.631989667,5.579714692,5.526652991,5.472775315,5.417558405,5.361331284,5.304386325,5.249364312,5.008720894,4.793873384,4.468601575
30/04/2007,5.685887326,5.74781906,5.805685117,5.759668685,5.711197812,5.659304484,5.606143215,5.552059552,5.496947829,5.443737938,5.389921455,5.337613755,5.114600335,4.903465054,4.564047606
31/05/2007,5.767048807,5.860653545,5.956624398,6.008924199,5.974825618,5.916337142,5.849051109,5.77781094,5.708611138,5.640653207,5.574677666,5.513691763,5.24694586,4.999598994,4.6075333
30/06/2007,5.954812205,6.031347914,6.130006951,6.214378326,6.213103645,6.180371163,6.125579591,6.061827331,5.996705111,5.930500281,5.863476497,5.801370509,5.516618942,5.246425139,4.822240384
31/07/2007,5.996064869,6.055778524,6.096041878,6.101370673,6.08312118,6.043507785,5.986775163,5.923462016,5.8590801,5.790598192,5.724310229,5.662557873,5.383530329,5.137847898,4.73934797
31/08/2007,6.636992318,6.525836468,6.365977647,6.067546659,5.961022695,5.874807028,5.802463024,5.736594905,5.66853181,5.601806727,5.53698497,5.47678979,5.225563268,5.003670407,4.636137816
30/09/2007,6.254570012,6.193997993,6.010286552,5.643297446,5.570904716,5.529722462,5.494742472,5.466752074,5.437586769,5.404574159,5.373867219,5.342332599,5.158431428,4.966354797,4.63991968
31/10/2007,6.227130882,6.14564667,5.968721573,5.671796517,5.602374151,5.542026266,5.496152687,5.45151609,5.40565567,5.358910786,5.313780889,5.270877442,5.059890093,4.866267719,4.55188809
30/11/2007,6.55145218,6.240419563,5.875280635,5.433160926,5.333758483,5.280427398,5.235549316,5.202826478,5.171528498,5.136313697,5.106280981,5.078441364,4.935794629,4.812439896,4.596410382
31/12/2007,5.949144705,5.852915645,5.585764163,5.132749418,5.058566924,5.036344263,5.014908804,4.997822677,4.98275363,4.964162323,4.948064085,4.931407503,4.819615669,4.696313361,4.456911409
31/01/2008,5.540881673,5.454474984,5.226690412,4.874948016,4.86757766,4.891024229,4.905661777,4.9173404,4.923208885,4.926262442,4.929263739,4.929236557,4.854491574,4.72481589,4.486638707
29/02/2008,5.697351907,5.615015374,5.412049742,4.809843213,4.79029046,4.836252522,4.873202256,4.904376164,4.924147012,4.93850671,4.949984189,4.958592943,4.916320101,4.815049151,4.557731067
31/03/2008,5.963371132,5.887656016,5.679376403,4.994574933,4.944645416,4.928860319,4.918753755,4.912932363,4.909169825,4.901987753,4.894383219,4.883424638,4.82055063,4.714699426,4.418983012
30/04/2008,5.796556124,5.754544022,5.651624102,5.299157753,5.265566798,5.231538157,5.195967639,5.162027773,5.132847751,5.105973948,5.081140874,5.055684368,4.945231954,4.782846145,4.407048118
31/05/2008,5.810501324,5.89321589,5.969986997,5.884368467,5.838840907,5.755257517,5.664675586,5.572571943,5.490790422,5.418586143,5.354182671,5.300725498,5.086760752,4.878860504,4.404993145
30/06/2008,5.896597905,6.064081538,6.249346268,6.141157875,6.10869603,6.043538745,5.941255969,5.837157699,5.740311854,5.650898515,5.571684485,5.500575809,5.19313657,4.914601469,4.395653979
31/07/2008,5.737005554,5.884844745,5.98773309,5.498673867,5.484651238,5.461756585,5.410019758,5.351300246,5.291339036,5.239240927,5.188653594,5.140225391,4.918443428,4.662300868,4.248257241
31/08/2008,5.696003335,5.822713365,5.844682813,5.275853423,5.256141656,5.220721066,5.172392943,5.11979127,5.066200511,5.019772638,4.978420216,4.939181556,4.768520795,4.548789159,4.125626569
30/09/2008,6.251248338,6.301880343,6.315084,5.212875918,5.160516705,5.129104273,5.088513493,5.051275044,5.015304546,4.981080871,4.954750504,4.9273839,4.776500962,4.564853487,4.154758608
31/10/2008,5.791173752,5.863722748,5.835896428,4.155563221,4.310520246,4.447886714,4.549916067,4.621994834,4.683037006,4.731065302,4.773768758,4.802031271,4.79310778,4.519777116,3.989015772
30/11/2008,3.877248599,4.007833498,4.033277653,3.111647166,3.306370701,3.491836273,3.634398561,3.746221318,3.834311104,3.904998135,3.965212259,4.020806374,4.206132631,3.973407572,3.451553799
31/12/2008,2.763497932,2.939439719,3.027456544,2.577377443,2.827209798,3.005999192,3.138578447,3.238064008,3.311742923,3.369453663,3.417543536,3.455261437,3.708288614,3.573193751,3.194914908
31/01/2009,2.162236378,2.332861836,2.449006578,2.034705248,2.374592357,2.700024996,2.962812886,3.186994589,3.378558676,3.542025915,3.679576336,3.793589873,4.120395237,4.000051666,3.532848343
28/02/2009,2.049014371,2.221109004,2.352191633,2.286280445,2.590853889,2.887935563,3.127175895,3.330122434,3.49736433,3.644263114,3.767848524,3.870531579,4.278912019,4.213886511,3.813738835
31/03/2009,1.646022932,1.862630965,2.049483864,2.065037083,2.467409025,2.797178895,3.039293612,3.225330032,3.373173136,3.493625393,3.593072608,3.684052698,4.068818105,4.030420745,3.781419545
30/04/2009,1.449815,1.649624585,1.896894655,2.049123438,2.487188289,2.820526652,3.056139611,3.244694558,3.399779935,3.534801085,3.640904141,3.731343208,4.051943842,4.0227055,3.744202684
31/05/2009,1.25867818,1.478286225,1.739927713,1.933543409,2.549045715,3.007181288,3.316818866,3.537339744,3.70321919,3.840520909,3.948621581,4.038675058,4.378225236,4.313948093,4.023460083
30/06/2009,1.179394634,1.400763661,1.684482594,2.30329752,2.986063417,3.43153553,3.707697469,3.889948418,4.014621891,4.108866834,4.176094407,4.237363628,4.507478749,4.416772174,4.161392222
31/07/2009,0.870600462,1.090979077,1.410493447,2.149255443,2.898873503,3.362209819,3.655305882,3.856249389,3.99393844,4.096637199,4.175513267,4.244992813,4.554426296,4.498937492,4.21439003
31/08/2009,0.690039095,0.905752113,1.218792458,1.929204749,2.612279382,3.056846389,3.348751689,3.547671572,3.694134397,3.807801822,3.901211459,3.975870856,4.256951393,4.223413405,3.990301908
30/09/2009,0.542009442,0.738913503,1.096466772,1.84261713,2.526127397,2.987973947,3.280612689,3.483924736,3.64135468,3.759791734,3.85630005,3.937495246,4.206540002,4.173043138,3.963767976
31/10/2009,0.586026297,0.806817211,1.161007252,1.892799084,2.549696468,2.983539326,3.265634028,3.466427006,3.623591276,3.746277781,3.851290838,3.938260879,4.242130795,4.224434905,3.996888295
30/11/2009,0.612197422,0.841190913,1.20891311,1.742667129,2.341327509,2.754430095,3.040756304,3.256019594,3.421884251,3.555311588,3.665873911,3.763860546,4.10079358,4.110908379,3.939755546
31/12/2009,0.607999334,0.840873661,1.239782834,1.990637995,2.660078192,3.109803975,3.421474026,3.646966606,3.820296443,3.954096312,4.068659094,4.167615106,4.48670755,4.435316018,4.155497477
31/01/2010,0.61884523,0.845531131,1.251898683,1.725697571,2.338476702,2.800826062,3.141592865,3.405054427,3.614687106,3.782783511,3.91635013,4.026441457,4.344304749,4.331808785,4.072901699
28/02/2010,0.646959393,0.869748461,1.283339252,1.549608346,2.108193708,2.575213423,2.939527119,3.240763484,3.488924454,3.691102599,3.856528589,3.993187331,4.417378977,4.469892576,4.234560897
31/03/2010,0.647212623,0.879084707,1.30951826,1.558120092,2.08615626,2.523469679,2.874402607,3.163822078,3.407871757,3.605190425,3.768295798,3.90195636,4.300300583,4.33298624,4.116426735
30/04/2010,0.677193139,0.916814446,1.357242663,1.707177299,2.248420519,2.669021886,2.996413253,3.257582187,3.47781671,3.654476052,3.79970928,3.918335806,4.270680745,4.293214738,4.092557525
31/05/2010,0.70757771,0.978583854,1.412171752,1.47838544,1.891927663,2.265717195,2.590905454,2.869877987,3.113223625,3.313924151,3.478667546,3.619832864,4.041501865,4.075696704,3.950667653
30/06/2010,0.727159602,1.013923052,1.447601507,1.413166657,1.787312331,2.14855915,2.461743832,2.734074373,2.974253862,3.170614032,3.338584128,3.474416116,3.910924278,3.984403845,3.92212022
31/07/2010,0.734313933,1.020630293,1.463148621,1.390344767,1.770644861,2.128247341,2.436135175,2.712192122,2.953234677,3.154196376,3.32723163,3.47140239,3.939373285,4.061695815,4.043321076
31/08/2010,0.725536854,1.023327859,1.452066304,1.220431776,1.490223124,1.770941267,2.034299511,2.273523382,2.49044656,2.686497636,2.854365496,2.998303338,3.457541089,3.625967712,3.69423453
30/09/2010,0.732243615,1.025971558,1.460068927,1.260898143,1.526717457,1.806757802,2.077218883,2.327169805,2.556539811,2.761898285,2.940094988,3.08905836,3.54884465,3.689046131,3.734693815
31/10/2010,0.730815361,1.028538981,1.46518821,1.272791646,1.539167455,1.829460586,2.115619359,2.398599401,2.660394632,2.89965481,3.103468068,3.276245389,3.806143375,3.978508,4.025245788
30/11/2010,0.741549303,1.03357082,1.477165984,1.332735524,1.673056405,2.01850341,2.340183472,2.636232567,2.898078913,3.129113261,3.321101619,3.483958212,3.984913594,4.122664128,4.122231924
31/12/2010,0.759997726,1.050863249,1.494028163,1.500212992,1.944108888,2.330527342,2.649439378,2.920741642,3.147971954,3.338826082,3.497950952,3.621858446,4.00299317,4.068417415,3.965730941
31/01/2011,0.77680894,1.072804492,1.521496318,1.740651873,2.218261621,2.608201297,2.931698771,3.203546113,3.431320279,3.615934779,3.775865535,3.903086253,4.296721866,4.342766017,4.2021473
28/02/2011,0.802394563,1.108253605,1.563956199,1.850676495,2.295490126,2.664912679,2.964697217,3.215025613,3.42352805,3.596962177,3.736620698,3.849167654,4.170977033,4.222417452,4.128738544
31/03/2011,0.817937139,1.121746884,1.579943149,1.859760855,2.318082128,2.689647279,2.990008764,3.243103169,3.44769523,3.624737323,3.773364389,3.892764483,4.226855236,4.280450936,4.158708241
30/04/2011,0.821633873,1.104445362,1.574965031,1.637327702,2.079046681,2.463205834,2.781599731,3.038142718,3.252532829,3.428898246,3.576350654,3.69518759,4.043228295,4.128935542,4.075785038
31/05/2011,0.822245651,1.102702593,1.570383453,1.527158011,1.893090953,2.249498588,2.563166919,2.83142547,3.05548992,3.244855896,3.405786078,3.53651823,3.929545315,4.037854506,4.016808057
30/06/2011,0.821788958,1.09965151,1.560282608,1.442452268,1.822478751,2.190560586,2.526643097,2.827039846,3.085409556,3.30390871,3.494881631,3.651867368,4.113278978,4.208990587,4.175056836
31/07/2011,0.821108804,1.103931202,1.570784478,1.292091674,1.528197163,1.821051554,2.109054697,2.379672695,2.633167999,2.863921388,3.058453173,3.22582274,3.733094384,3.920954777,3.966813555
31/08/2011,0.88585969,1.170621144,1.633866109,1.256320447,1.414318782,1.648673962,1.899929788,2.144847082,2.377624343,2.59971608,2.800194347,2.975427618,3.498288413,3.720064478,3.833622327
30/09/2011,0.951986646,1.228240206,1.696803421,1.273746902,1.404137739,1.589707421,1.78928516,1.990629128,2.18589007,2.365177884,2.524284548,2.664067209,3.117944371,3.343983533,3.497852468
31/10/2011,0.980998045,1.265523637,1.742391621,1.310901178,1.431295574,1.61842411,1.829435958,2.050419453,2.26407356,2.459513442,2.629120123,2.772620165,3.193161288,3.352397357,3.41941842
30/11/2011,1.037659996,1.328527872,1.803572472,1.397513695,1.470375562,1.58767479,1.743640098,1.922473234,2.109009336,2.286599921,2.441074299,2.563731588,2.911787536,3.042985641,3.099446039
31/12/2011,1.079326101,1.363166644,1.848221059,1.315113831,1.35773718,1.436840482,1.559373241,1.707901274,1.873343051,2.048803577,2.201511119,2.329176732,2.731864689,2.933328175,3.120331342
31/01/2012,1.085358106,1.390017719,1.873096312,1.205371273,1.232665959,1.329343847,1.472434511,1.640164047,1.820417099,1.997879597,2.160799425,2.299933582,2.730944906,2.911550759,3.027920434
29/02/2012,1.062401895,1.375981263,1.865549901,1.21860564,1.282739115,1.392404672,1.548514707,1.724298421,1.910154211,2.099861408,2.273001845,2.423755104,2.900648414,3.107240187,3.253884589
31/03/2012,1.008527993,1.332589929,1.840950192,1.218024758,1.30334294,1.440455554,1.601780854,1.780278184,1.970551156,2.159949907,2.335493949,2.494483706,2.996838284,3.226859395,3.382054529
30/04/2012,1.012107148,1.327238598,1.845613294,1.361277223,1.450667206,1.559349394,1.690272246,1.843313841,2.011029066,2.175267985,2.334347364,2.481307279,2.973605119,3.211439257,3.363799283
31/05/2012,0.986992035,1.305291633,1.821067454,1.192472937,1.203169698,1.251893609,1.348988614,1.469923064,1.610243471,1.761978452,1.906279528,2.04676268,2.540344052,2.806734011,3.00091018
30/06/2012,0.878781496,1.16704928,1.661222343,0.972564711,0.997201108,1.103620502,1.26417307,1.43910285,1.625462615,1.813318767,1.987277811,2.144675599,2.644273473,2.920342435,3.127823187
31/07/2012,0.739875581,0.99951996,1.477412318,0.769864179,0.778584953,0.871816797,1.032012112,1.213937918,1.41093229,1.610087727,1.792981852,1.963928275,2.527963272,2.820916332,3.047027601
31/08/2012,0.681349374,0.932165451,1.390424784,0.769589753,0.793954309,0.887390534,1.034644547,1.206249483,1.38910169,1.581177973,1.762210553,1.932434685,2.501990626,2.817493894,3.072507955
30/09/2012,0.597124121,0.841826301,1.282515138,0.717626791,0.764525763,0.860370288,1.0024665,1.171381588,1.356688556,1.54598471,1.724125625,1.896902176,2.495742288,2.847157397,3.134009632
31/10/2012,0.526774911,0.709172748,1.089671457,0.689574515,0.769927121,0.893792845,1.05885679,1.243423239,1.440541354,1.633439798,1.823431428,2.002872059,2.60907175,2.932086908,3.201595076
30/11/2012,0.523986955,0.680679563,1.023452655,0.730676104,0.805548319,0.911330758,1.056021664,1.217343092,1.392398187,1.571156219,1.749359544,1.9167387,2.509834838,2.835099305,3.084379449
31/12/2012,0.515023732,0.666652426,1.00864602,0.707458051,0.773091372,0.875765779,1.020159227,1.187343066,1.371118591,1.556778076,1.734947205,1.904058352,2.539644026,2.908127734,3.181517442
31/01/2013,0.51336891,0.648717921,0.976467005,0.748873246,0.860602979,1.012110303,1.192755533,1.388084253,1.589726544,1.791832622,1.982661056,2.160982781,2.784588177,3.13374864,3.402356183
28/02/2013,0.509663867,0.615017852,0.92817906,0.599663676,0.69451465,0.854589747,1.054014743,1.267050478,1.48535528,1.699027846,1.899050158,2.081158798,2.711626893,3.070826827,3.376890748
31/03/2013,0.50593464,0.599500259,0.901549873,0.610011101,0.674561216,0.795482407,0.969204684,1.162529879,1.366077614,1.574184328,1.771550415,1.95298364,2.590947374,2.939941545,3.229868872
30/04/2013,0.504283659,0.589920551,0.882970318,0.580549646,0.636835682,0.746375752,0.899944356,1.07884851,1.274752065,1.473823802,1.662779674,1.840017774,2.469681049,2.828390839,3.109065045
31/05/2013,0.504790298,0.585790966,0.876246532,0.68611004,0.813489186,0.980094716,1.173457356,1.375220945,1.583565708,1.788740674,1.983089531,2.160009238,2.769416226,3.098232046,3.341246174
30/06/2013,0.509138776,0.596526886,0.890238284,0.809383474,1.019890715,1.298554883,1.572096244,1.825145608,2.06684937,2.282187852,2.466205776,2.618338643,3.101543066,3.341276361,3.487074168
31/07/2013,0.507954639,0.580204292,0.855708351,0.692181934,0.855221453,1.115557121,1.405965916,1.684657002,1.948910621,2.185815547,2.394840502,2.571338746,3.111975686,3.362920741,3.501189464
31/08/2013,0.513472271,0.591130704,0.865078324,0.831426795,1.104404035,1.427204973,1.733315496,2.010176233,2.252612053,2.464240635,2.639852058,2.782096044,3.229153132,3.410362921,3.469482019
30/09/2013,0.517360735,0.588660717,0.870886749,0.837331784,1.129531489,1.452695115,1.748471685,2.009288806,2.241621839,2.445897229,2.619228998,2.764106697,3.204044132,3.380611921,3.435009544
31/10/2013,0.513042775,0.58519878,0.864066173,0.796651983,1.071344583,1.388971987,1.68769044,1.945363938,2.170816535,2.374424546,2.551478465,2.698156419,3.143020976,3.321372411,3.386599996
